timestamp,protocol,scenario,file_name,file_size_bytes,run,dns_time_ms,dns_attempts,http_time_ms,total_time_ms,throughput_mbps,status_code,http_header_bytes,http_body_bytes,response_total_bytes,retransmissions,packets_sent,acks_received,success
2026-06-25 20:55:58,TCP,A,/arquivo_100kb.bin,102400,1,0.20932899860781617,1,54.137682000146015,54.52829699788708,15.023392350429415,200,183,102400,102583,0,0,0,True
2026-06-25 20:55:59,TCP,A,/arquivo_100kb.bin,102400,2,0.2521070018701721,1,51.12200200164807,51.50324799978989,15.905792970636375,200,183,102400,102583,0,0,0,True
2026-06-25 20:55:59,TCP,A,/arquivo_100kb.bin,102400,3,0.24341000244021416,1,50.92071400213172,51.29814000247279,15.969389922529569,200,183,102400,102583,0,0,0,True
2026-06-25 20:56:00,TCP,A,/arquivo_100kb.bin,102400,4,0.21100799858686514,1,51.39515299742925,51.7920909987879,15.817086821599304,200,183,102400,102583,0,0,0,True
2026-06-25 20:56:00,TCP,A,/arquivo_100kb.bin,102400,5,0.24491899966960773,1,50.74546899777488,51.166968998586526,16.010328851463335,200,183,102400,102583,0,0,0,True
2026-06-25 20:56:01,TCP,A,/arquivo_100kb.bin,102400,6,0.250058998062741,1,50.831250999181066,51.228819000243675,15.990999128754137,200,183,102400,102583,0,0,0,True
2026-06-25 20:56:02,TCP,A,/arquivo_100kb.bin,102400,7,0.24517099882359616,1,50.79286199907074,51.195529998949496,16.001396997292723,200,183,102400,102583,0,0,0,True
2026-06-25 20:56:02,TCP,A,/arquivo_100kb.bin,102400,8,0.2431070024613291,1,51.057683001999976,51.4478479999525,15.922920624410887,200,183,102400,102583,0,0,0,True
2026-06-25 20:56:03,TCP,A,/arquivo_100kb.bin,102400,9,0.19576499835238792,1,51.18279099770007,51.56246299884515,15.887526552374888,200,183,102400,102583,0,0,0,True
2026-06-25 20:56:03,TCP,A,/arquivo_100kb.bin,102400,10,0.2391300004092045,1,50.889456000732025,51.25149000014062,15.983925540462382,200,183,102400,102583,0,0,0,True
2026-06-25 20:56:04,TCP,A,/arquivo_1mb.bin,1048576,1,0.18456100224284455,1,218.67079799994826,219.24897899953066,38.260647955026315,200,184,1048576,1048760,0,0,0,True
2026-06-25 20:56:05,TCP,A,/arquivo_1mb.bin,1048576,2,0.17725499856169336,1,224.12429700125358,224.73937600079807,37.32593793430401,200,184,1048576,1048760,0,0,0,True
2026-06-25 20:56:06,TCP,A,/arquivo_1mb.bin,1048576,3,0.22417199943447486,1,217.97192600206472,218.56660100092995,38.38009998592744,200,184,1048576,1048760,0,0,0,True
2026-06-25 20:56:06,TCP,A,/arquivo_1mb.bin,1048576,4,0.31151599978329614,1,218.2378859979508,218.96175000074436,38.310837394985576,200,184,1048576,1048760,0,0,0,True
2026-06-25 20:56:07,TCP,A,/arquivo_1mb.bin,1048576,5,0.15629100016667508,1,218.39157800059184,218.848483000329,38.33066551339718,200,184,1048576,1048760,0,0,0,True
2026-06-25 20:56:08,TCP,A,/arquivo_1mb.bin,1048576,6,0.16060599955380894,1,217.9669750003086,218.51542800141033,38.3890880233219,200,184,1048576,1048760,0,0,0,True
2026-06-25 20:56:09,TCP,A,/arquivo_1mb.bin,1048576,7,0.24684800155228004,1,217.96334800092154,218.5592710011406,38.38138717051368,200,184,1048576,1048760,0,0,0,True
2026-06-25 20:56:10,TCP,A,/arquivo_1mb.bin,1048576,8,0.1879190022009425,1,219.142934998672,219.84352899744408,38.15717496100386,200,184,1048576,1048760,0,0,0,True
2026-06-25 20:56:10,TCP,A,/arquivo_1mb.bin,1048576,9,0.2430300010018982,1,217.46850600175094,218.0879890001961,38.46432826703013,200,184,1048576,1048760,0,0,0,True
2026-06-25 20:56:11,TCP,A,/arquivo_1mb.bin,1048576,10,0.23939200036693364,1,217.33432999826618,218.03033799733385,38.474498902545285,200,184,1048576,1048760,0,0,0,True
2026-06-25 20:56:16,TCP,A,/arquivo_10mb.bin,10485760,1,0.18350699974689633,1,4418.182123998122,4421.576464999816,18.97198446391755,200,185,10485760,10485945,0,0,0,True
2026-06-25 20:56:21,TCP,A,/arquivo_10mb.bin,10485760,2,0.16830300228320993,1,4469.963863997691,4473.371117997885,18.752318505946874,200,185,10485760,10485945,0,0,0,True
2026-06-25 20:56:26,TCP,A,/arquivo_10mb.bin,10485760,3,0.23368199981632642,1,4727.217013001791,4730.014975997619,17.734844482666226,200,185,10485760,10485945,0,0,0,True
2026-06-25 20:56:32,TCP,A,/arquivo_10mb.bin,10485760,4,0.2533900005801115,1,4696.871109998028,4700.339056002122,17.846814666035897,200,185,10485760,10485945,0,0,0,True
2026-06-25 20:56:37,TCP,A,/arquivo_10mb.bin,10485760,5,0.19083200095337816,1,4722.691326998756,4726.102127999184,17.749527565861882,200,185,10485760,10485945,0,0,0,True
2026-06-25 20:56:42,TCP,A,/arquivo_10mb.bin,10485760,6,0.1483369997004047,1,4618.201410998154,4621.627736996743,18.15076522249527,200,185,10485760,10485945,0,0,0,True
2026-06-25 20:56:47,TCP,A,/arquivo_10mb.bin,10485760,7,0.23657199926674366,1,4722.033058998932,4725.455788997351,17.751955313034255,200,185,10485760,10485945,0,0,0,True
2026-06-25 20:56:53,TCP,A,/arquivo_10mb.bin,10485760,8,0.15294500190066174,1,4701.099595000414,4704.458882002655,17.831185712115374,200,185,10485760,10485945,0,0,0,True
2026-06-25 20:56:58,TCP,A,/arquivo_10mb.bin,10485760,9,0.2551360012148507,1,4726.945685000828,4730.452438998327,17.733204398893157,200,185,10485760,10485945,0,0,0,True
2026-06-25 20:57:03,TCP,A,/arquivo_10mb.bin,10485760,10,0.26638000053935684,1,4591.468951999559,4595.097675999568,18.25555971054572,200,185,10485760,10485945,0,0,0,True
2026-06-25 20:57:04,RUDP,A,/arquivo_100kb.bin,102400,1,0.22617099966737442,1,163.21766900000512,163.80530599781196,5.001059001171443,200,183,102400,102583,0,101,101,True
2026-06-25 20:57:04,RUDP,A,/arquivo_100kb.bin,102400,2,0.18659099805518053,1,157.22872599872062,157.68372800084762,5.195209489184555,200,183,102400,102583,0,101,101,True
2026-06-25 20:57:05,RUDP,A,/arquivo_100kb.bin,102400,3,0.2087460015900433,1,157.41614600119647,157.91381199960597,5.187639951355516,200,183,102400,102583,0,101,101,True
2026-06-25 20:57:06,RUDP,A,/arquivo_100kb.bin,102400,4,0.2436340000713244,1,156.00988600272103,156.51135399821214,5.234125059127391,200,183,102400,102583,0,101,101,True
2026-06-25 20:57:07,RUDP,A,/arquivo_100kb.bin,102400,5,0.22944800002733245,1,157.85121500084642,158.3493210018787,5.173372356868399,200,183,102400,102583,0,101,101,True
2026-06-25 20:57:07,RUDP,A,/arquivo_100kb.bin,102400,6,0.2386230007687118,1,157.41829299804522,157.91846700085443,5.187487034024765,200,183,102400,102583,0,101,101,True
2026-06-25 20:57:08,RUDP,A,/arquivo_100kb.bin,102400,7,0.24761600070632994,1,158.57376199710416,159.0899469993019,5.149288282832822,200,183,102400,102583,0,101,101,True
2026-06-25 20:57:09,RUDP,A,/arquivo_100kb.bin,102400,8,0.23949099704623222,1,156.3061410015507,156.8007129972102,5.224466039351334,200,183,102400,102583,0,101,101,True
2026-06-25 20:57:09,RUDP,A,/arquivo_100kb.bin,102400,9,0.2321659994777292,1,159.51938700163737,160.01461899941205,5.119532234757939,200,183,102400,102583,0,101,101,True
2026-06-25 20:57:10,RUDP,A,/arquivo_100kb.bin,102400,10,0.2416950010228902,1,158.47748699889053,158.99150900077075,5.15247641303932,200,183,102400,102583,0,101,101,True
2026-06-25 20:57:12,RUDP,A,/arquivo_1mb.bin,1048576,1,0.18453699885867536,1,1395.021751999593,1396.3518689997727,6.007517292907613,200,184,1048576,1048760,0,1025,1025,True
2026-06-25 20:57:14,RUDP,A,/arquivo_1mb.bin,1048576,2,0.244183000177145,1,1392.3449229987455,1393.8035900027899,6.018500784592763,200,184,1048576,1048760,0,1025,1025,True
2026-06-25 20:57:16,RUDP,A,/arquivo_1mb.bin,1048576,3,0.24622199998702854,1,1394.525479998265,1395.9160269987478,6.0093929991159305,200,184,1048576,1048760,0,1025,1025,True
2026-06-25 20:57:18,RUDP,A,/arquivo_1mb.bin,1048576,4,0.15195299783954397,1,1393.1750490010018,1394.461390998913,6.01566171293626,200,184,1048576,1048760,0,1025,1025,True
2026-06-25 20:57:20,RUDP,A,/arquivo_1mb.bin,1048576,5,0.1528510001662653,1,1395.9063869988313,1397.1876929972495,6.003923482896377,200,184,1048576,1048760,0,1025,1025,True
2026-06-25 20:57:22,RUDP,A,/arquivo_1mb.bin,1048576,6,0.2365910004300531,1,1395.2900229996885,1396.6437109993421,6.006261964977231,200,184,1048576,1048760,0,1025,1025,True
2026-06-25 20:57:24,RUDP,A,/arquivo_1mb.bin,1048576,7,0.23677199715166353,1,1395.7641079978202,1397.2094480013766,6.003829999861076,200,184,1048576,1048760,0,1025,1025,True
2026-06-25 20:57:26,RUDP,A,/arquivo_1mb.bin,1048576,8,0.23416899784933776,1,1400.9536300000036,1402.3366319997876,5.98187896442348,200,184,1048576,1048760,0,1025,1025,True
2026-06-25 20:57:28,RUDP,A,/arquivo_1mb.bin,1048576,9,0.2475100009178277,1,1397.0839579997119,1398.4973520018684,5.998300953514278,200,184,1048576,1048760,0,1025,1025,True
2026-06-25 20:57:30,RUDP,A,/arquivo_1mb.bin,1048576,10,0.2583310015324969,1,1393.846091999876,1395.23547600038,6.012324187775824,200,184,1048576,1048760,0,1025,1025,True
2026-06-25 20:57:44,RUDP,A,/arquivo_10mb.bin,10485760,1,0.2478259993949905,1,13687.797179998597,13696.407447998354,6.124677607503524,200,185,10485760,10485945,0,10241,10241,True
2026-06-25 20:57:58,RUDP,A,/arquivo_10mb.bin,10485760,2,0.2458870003465563,1,13686.66162199952,13695.434108001791,6.125112890798264,200,185,10485760,10485945,0,10241,10241,True
2026-06-25 20:58:12,RUDP,A,/arquivo_10mb.bin,10485760,3,0.28777400075341575,1,13670.616669998708,13674.703607997799,6.1343984048720674,200,185,10485760,10485945,0,10241,10241,True
2026-06-25 20:58:27,RUDP,A,/arquivo_10mb.bin,10485760,4,0.2705119986785576,1,13698.762743999396,13707.667069000308,6.119646733302063,200,185,10485760,10485945,0,10241,10241,True
2026-06-25 20:58:41,RUDP,A,/arquivo_10mb.bin,10485760,5,0.2430120002827607,1,13689.799058000062,13698.670017998666,6.123666012086004,200,185,10485760,10485945,0,10241,10241,True
2026-06-25 20:58:55,RUDP,A,/arquivo_10mb.bin,10485760,6,0.24244399901363067,1,13672.335490002297,13681.34110200117,6.131422305356452,200,185,10485760,10485945,0,10241,10241,True
2026-06-25 20:59:09,RUDP,A,/arquivo_10mb.bin,10485760,7,0.19973900270997547,1,13683.461502998398,13692.312970000785,6.126509099214315,200,185,10485760,10485945,0,10241,10241,True
2026-06-25 20:59:24,RUDP,A,/arquivo_10mb.bin,10485760,8,0.24004800070542842,1,13677.537134000886,13685.990049001703,6.129339543551612,200,185,10485760,10485945,0,10241,10241,True
2026-06-25 20:59:38,RUDP,A,/arquivo_10mb.bin,10485760,9,0.27458000113256276,1,13685.69144600042,13694.975157002773,6.125318157813948,200,185,10485760,10485945,0,10241,10241,True
2026-06-25 20:59:52,RUDP,A,/arquivo_10mb.bin,10485760,10,0.24026800019782968,1,13682.240503996582,13690.84733300042,6.127164956240581,200,185,10485760,10485945,0,10241,10241,True
2026-06-25 20:59:53,TCP,B,/arquivo_100kb.bin,102400,1,0.18167199959862046,1,302.30238500007545,302.63618000026327,2.706880585127949,200,183,102400,102583,0,0,0,True
2026-06-25 20:59:54,TCP,B,/arquivo_100kb.bin,102400,2,0.24915600079111755,1,417.61440300251707,418.0335720011499,1.959651221499853,200,183,102400,102583,0,0,0,True
2026-06-25 20:59:55,TCP,B,/arquivo_100kb.bin,102400,3,0.2832060017681215,1,804.6734950003156,805.1128939987393,1.0174970567559718,200,183,102400,102583,0,0,0,True
2026-06-25 20:59:56,TCP,B,/arquivo_100kb.bin,102400,4,0.24023500009207055,1,252.27547599934042,252.65521400069701,3.242363326005772,200,183,102400,102583,0,0,0,True
2026-06-25 20:59:57,TCP,B,/arquivo_100kb.bin,102400,5,0.18760999955702573,1,302.0446649970836,302.3754399982863,2.7092147431175055,200,183,102400,102583,0,0,0,True
2026-06-25 20:59:58,TCP,B,/arquivo_100kb.bin,102400,6,0.14851199739496224,1,252.0921819996147,252.42454200270004,3.24532628048202,200,183,102400,102583,0,0,0,True
2026-06-25 20:59:59,TCP,B,/arquivo_100kb.bin,102400,7,0.30198500098777004,1,402.13566700185766,402.59798399711144,2.0347841582979154,200,183,102400,102583,0,0,0,True
2026-06-25 21:00:00,TCP,B,/arquivo_100kb.bin,102400,8,0.24983099865494296,1,301.865851997718,302.26620999746956,2.7101937725915772,200,183,102400,102583,0,0,0,True
2026-06-25 21:00:01,TCP,B,/arquivo_100kb.bin,102400,9,0.3058850015804637,1,653.1690550000349,653.6281400003645,1.2533120131571187,200,183,102400,102583,0,0,0,True
2026-06-25 21:00:02,TCP,B,/arquivo_100kb.bin,102400,10,0.24312599998665974,1,252.30728700262262,252.69708599807927,3.2418260652448785,200,183,102400,102583,0,0,0,True
2026-06-25 21:00:07,TCP,B,/arquivo_1mb.bin,1048576,1,0.1995880011236295,1,4424.828866998723,4426.03764299929,1.895286185210907,200,184,1048576,1048760,0,0,0,True
2026-06-25 21:00:09,TCP,B,/arquivo_1mb.bin,1048576,2,0.23911699827294797,1,2064.949482999509,2066.050500001438,4.060214404243343,200,184,1048576,1048760,0,0,0,True
2026-06-25 21:00:11,TCP,B,/arquivo_1mb.bin,1048576,3,0.19028500173590146,1,1506.7423979999148,1507.8149699984351,5.563420026270668,200,184,1048576,1048760,0,0,0,True
2026-06-25 21:00:18,TCP,B,/arquivo_1mb.bin,1048576,4,0.24732300153118558,1,6073.822823000228,6075.144382997678,1.380808005728546,200,184,1048576,1048760,0,0,0,True
2026-06-25 21:00:26,TCP,B,/arquivo_1mb.bin,1048576,5,0.2244200004497543,1,7366.588613000204,7367.803531000391,1.1385493607022126,200,184,1048576,1048760,0,0,0,True
2026-06-25 21:00:30,TCP,B,/arquivo_1mb.bin,1048576,6,0.23406100081047043,1,4180.799649999244,4182.024851997994,2.0058723457829952,200,184,1048576,1048760,0,0,0,True
2026-06-25 21:00:36,TCP,B,/arquivo_1mb.bin,1048576,7,0.2988199994433671,1,4766.10038400031,4767.389008000464,1.7595811849887926,200,184,1048576,1048760,0,0,0,True
2026-06-25 21:00:40,TCP,B,/arquivo_1mb.bin,1048576,8,0.24883999867597595,1,3262.99837100305,3263.504216000001,2.5704296500899626,200,184,1048576,1048760,0,0,0,True
2026-06-25 21:00:45,TCP,B,/arquivo_1mb.bin,1048576,9,0.23738799791317433,1,4986.817573000735,4987.318822997622,1.6819875162819522,200,184,1048576,1048760,0,0,0,True
2026-06-25 21:00:51,TCP,B,/arquivo_1mb.bin,1048576,10,0.19085600069956854,1,4842.11522699843,4843.312158998742,1.7319982120942161,200,184,1048576,1048760,0,0,0,True
2026-06-25 21:02:03,TCP,B,/arquivo_10mb.bin,10485760,1,0.18201399871031754,1,72389.08654199986,72392.96819399897,1.1587600576785544,200,185,10485760,10485945,0,0,0,True
2026-06-25 21:03:08,TCP,B,/arquivo_10mb.bin,10485760,2,0.1456970021536108,1,64041.26590600208,64042.206048998196,1.309856189773029,200,185,10485760,10485945,0,0,0,True
2026-06-25 21:04:16,TCP,B,/arquivo_10mb.bin,10485760,3,0.16427700029453263,1,66960.03377700254,66960.99796799899,1.252760301453237,200,185,10485760,10485945,0,0,0,True
2026-06-25 21:05:22,TCP,B,/arquivo_10mb.bin,10485760,4,0.23272399994311854,1,65828.14820500062,65838.8731840023,1.2741117206784587,200,185,10485760,10485945,0,0,0,True
2026-06-25 21:06:32,TCP,B,/arquivo_10mb.bin,10485760,5,0.38608200338785537,1,69806.74336100128,69808.26600799992,1.2016639976473098,200,185,10485760,10485945,0,0,0,True
2026-06-25 21:07:36,TCP,B,/arquivo_10mb.bin,10485760,6,0.25736799943842925,1,63634.74898500135,63640.69603900134,1.3181200901478443,200,185,10485760,10485945,0,0,0,True
2026-06-25 21:08:40,TCP,B,/arquivo_10mb.bin,10485760,7,0.18133800040232018,1,63432.25992599764,63439.167079999606,1.3223073987433651,200,185,10485760,10485945,0,0,0,True
2026-06-25 21:09:50,TCP,B,/arquivo_10mb.bin,10485760,8,0.16014799984986894,1,68784.38507199826,68787.78475500076,1.2194909357638766,200,185,10485760,10485945,0,0,0,True
2026-06-25 21:11:03,TCP,B,/arquivo_10mb.bin,10485760,9,0.2602050008135848,1,72940.32793600127,72943.8453920011,1.1500090178848565,200,185,10485760,10485945,0,0,0,True
2026-06-25 21:12:11,TCP,B,/arquivo_10mb.bin,10485760,10,0.2753929984464776,1,66842.41106699847,66844.00883099806,1.2549528591573473,200,185,10485760,10485945,0,0,0,True
2026-06-25 21:12:23,RUDP,B,/arquivo_100kb.bin,102400,1,0.25018499945872463,1,11449.725357000716,11450.253046998114,0.07154427038752369,200,183,102400,102583,0,101,167,True
2026-06-25 21:12:27,RUDP,B,/arquivo_100kb.bin,102400,2,0.2544880007917527,1,3973.118092999357,3973.671155003103,0.2061569687186056,200,183,102400,102583,0,101,121,True
2026-06-25 21:12:35,RUDP,B,/arquivo_100kb.bin,102400,3,0.15969100059010088,1,7234.508256999106,7234.9507350008935,0.11322813796601462,200,183,102400,102583,0,101,143,True
2026-06-25 21:12:41,RUDP,B,/arquivo_100kb.bin,102400,4,0.21542300237342715,1,5076.0300740003,5076.518593999936,0.16137043228172807,200,183,102400,102583,0,101,128,True
2026-06-25 21:12:51,RUDP,B,/arquivo_100kb.bin,102400,5,0.20079800015082583,1,9340.766065000935,9341.259543998603,0.0876969530866214,200,183,102400,102583,0,101,156,True
2026-06-25 21:12:57,RUDP,B,/arquivo_100kb.bin,102400,6,0.24527400091756135,1,6231.889299000613,6232.440386000235,0.13144128932867888,200,183,102400,102583,0,101,136,True
2026-06-25 21:12:59,RUDP,B,/arquivo_100kb.bin,102400,7,0.3058800029975828,1,761.1730530006753,761.8488389998674,1.0752789241963294,200,183,102400,102583,0,101,101,True
2026-06-25 21:13:07,RUDP,B,/arquivo_100kb.bin,102400,8,0.24510599905624986,1,8337.610230999417,8338.122271001339,0.09824753983868131,200,183,102400,102583,0,101,150,True
2026-06-25 21:13:16,RUDP,B,/arquivo_100kb.bin,102400,9,0.14727999950991943,1,8285.418610001216,8285.910038997827,0.09886662975393364,200,183,102400,102583,0,101,146,True
2026-06-25 21:13:24,RUDP,B,/arquivo_100kb.bin,102400,10,0.26846299806493334,1,7185.245562999626,7185.800932998973,0.11400260146896518,200,183,102400,102583,0,101,141,True
2026-06-25 21:14:31,RUDP,B,/arquivo_1mb.bin,1048576,1,0.23459400108549744,1,66846.0185039985,66847.39967199857,0.12548892015486832,200,184,1048576,1048760,0,1025,1382,True
2026-06-25 21:15:41,RUDP,B,/arquivo_1mb.bin,1048576,2,0.16284500088659115,1,68853.9823329993,68855.33995099831,0.12182944715645655,200,184,1048576,1048760,0,1025,1415,True
2026-06-25 21:16:27,RUDP,B,/arquivo_1mb.bin,1048576,3,0.2602040003694128,1,45430.84024300333,45432.315254998684,0.18463967669085596,200,184,1048576,1048760,0,1025,1267,True
2026-06-25 21:17:37,RUDP,B,/arquivo_1mb.bin,1048576,4,0.25348000053782016,1,70012.24841899966,70013.73305000016,0.11981375131089345,200,184,1048576,1048760,0,1025,1414,True
2026-06-25 21:18:24,RUDP,B,/arquivo_1mb.bin,1048576,5,0.23683999825152569,1,46485.01427000156,46486.44653199881,0.18045276905013005,200,184,1048576,1048760,0,1025,1268,True
2026-06-25 21:19:42,RUDP,B,/arquivo_1mb.bin,1048576,6,0.2516370004741475,1,77444.27156099846,77445.75600600001,0.10831591597285335,200,184,1048576,1048760,0,1025,1468,True
2026-06-25 21:21:02,RUDP,B,/arquivo_1mb.bin,1048576,7,0.1786639986676164,1,78764.42964300077,78765.77780200023,0.10650066861635148,200,184,1048576,1048760,0,1025,1481,True
2026-06-25 21:22:16,RUDP,B,/arquivo_1mb.bin,1048576,8,0.2855480015568901,1,73491.31452800066,73492.7466299996,0.11414198522518935,200,184,1048576,1048760,0,1025,1438,True
2026-06-25 21:23:03,RUDP,B,/arquivo_1mb.bin,1048576,9,0.2541150024626404,1,46430.51865600137,46431.85521199848,0.1806649327643556,200,184,1048576,1048760,0,1025,1268,True
2026-06-25 21:23:50,RUDP,B,/arquivo_1mb.bin,1048576,10,0.22845499916002154,1,46397.85173799828,46399.193716999434,0.18079210710350418,200,184,1048576,1048760,0,1025,1274,True
2026-06-25 21:35:26,RUDP,B,/arquivo_10mb.bin,10485760,1,0.15900400103419088,1,695353.5578379997,695357.291919001,0.12063737732367306,200,185,10485760,10485945,0,10241,14136,True
2026-06-25 21:46:10,RUDP,B,/arquivo_10mb.bin,10485760,2,0.27287999910186045,1,643703.9803859988,643707.9117779976,0.13031699388049572,200,185,10485760,10485945,0,10241,13829,True
2026-06-25 21:56:12,RUDP,B,/arquivo_10mb.bin,10485760,3,0.16922500071814284,1,601555.3967209999,601559.0913209999,0.13944778029335322,200,185,10485760,10485945,0,10241,13550,True
2026-06-25 22:06:42,RUDP,B,/arquivo_10mb.bin,10485760,4,0.29929499942227267,1,629378.5933430009,629380.5258749998,0.13328356463425192,200,185,10485760,10485945,0,10241,13722,True
2026-06-25 22:17:01,RUDP,B,/arquivo_10mb.bin,10485760,5,0.26218600032734685,1,618069.5402349993,618073.4038349984,0.1357218729676877,200,185,10485760,10485945,0,10241,13636,True
2026-06-25 22:27:22,RUDP,B,/arquivo_10mb.bin,10485760,6,0.24681200011400506,1,620942.7725569985,620947.1494829995,0.13509375164994888,200,185,10485760,10485945,0,10241,13687,True
2026-06-25 22:38:06,RUDP,B,/arquivo_10mb.bin,10485760,7,0.17827199917519465,1,643765.1853639982,643773.9091559998,0.13030363425255348,200,185,10485760,10485945,1,10241,13811,True
2026-06-25 22:49:29,RUDP,B,/arquivo_10mb.bin,10485760,8,0.33302799783996306,1,682015.4606509968,682019.4310430016,0.12299661297290948,200,185,10485760,10485945,0,10241,14044,True
2026-06-25 23:01:17,RUDP,B,/arquivo_10mb.bin,10485760,9,0.17441399904782884,1,707755.9292719997,707759.7306959978,0.1185233863439899,200,185,10485760,10485945,0,10241,14185,True
2026-06-25 23:12:06,RUDP,B,/arquivo_10mb.bin,10485760,10,0.23825099924579263,1,647960.9670699975,647964.731512002,0.12946087328588843,200,185,10485760,10485945,0,10241,13857,True
2026-06-25 23:12:07,TCP,C,/arquivo_100kb.bin,102400,1,0.25064500005100854,1,1103.7114950013347,1104.20300700207,0.7418925639626194,200,183,102400,102583,0,0,0,True
2026-06-25 23:12:09,TCP,C,/arquivo_100kb.bin,102400,2,0.18722399909165688,1,702.678449000814,703.0098010000074,1.16527536150238,200,183,102400,102583,0,0,0,True
2026-06-25 23:12:10,TCP,C,/arquivo_100kb.bin,102400,3,0.19716799943125807,1,702.3772600005032,702.8049270011252,1.1656150498197753,200,183,102400,102583,0,0,0,True
2026-06-25 23:12:11,TCP,C,/arquivo_100kb.bin,102400,4,0.2400129997113254,1,603.9527070024633,604.3342919983843,1.3555411480806556,200,183,102400,102583,0,0,0,True
2026-06-25 23:12:12,TCP,C,/arquivo_100kb.bin,102400,5,0.24656200184836052,1,501.98480100152665,502.4100860027829,1.6305405142592269,200,183,102400,102583,0,0,0,True
2026-06-25 23:12:13,TCP,C,/arquivo_100kb.bin,102400,6,0.29647200062754564,1,502.4877780015231,502.9310150021047,1.6288516229140726,200,183,102400,102583,0,0,0,True
2026-06-25 23:12:14,TCP,C,/arquivo_100kb.bin,102400,7,0.15418300245073624,1,607.7341329983028,608.0276840002625,1.3473070742608593,200,183,102400,102583,0,0,0,True
2026-06-25 23:12:16,TCP,C,/arquivo_100kb.bin,102400,8,0.2619829974719323,1,1304.0164830017602,1304.4234559965844,0.6280169190718271,200,183,102400,102583,0,0,0,True
2026-06-25 23:12:17,TCP,C,/arquivo_100kb.bin,102400,9,0.2353410018258728,1,603.3189190020494,603.6847420000413,1.3569996771592148,200,183,102400,102583,0,0,0,True
2026-06-25 23:12:18,TCP,C,/arquivo_100kb.bin,102400,10,0.1586600010341499,1,602.9246560028696,603.2328159999452,1.3580163052669112,200,183,102400,102583,0,0,0,True
2026-06-25 23:12:34,TCP,C,/arquivo_1mb.bin,1048576,1,0.18701900262385607,1,15101.920279001206,15103.100628999528,0.5554229032873553,200,184,1048576,1048760,0,0,0,True
2026-06-25 23:12:53,TCP,C,/arquivo_1mb.bin,1048576,2,0.245747000008123,1,18245.02856699837,18246.319753001444,0.45974246388070167,200,184,1048576,1048760,0,0,0,True
2026-06-25 23:13:08,TCP,C,/arquivo_1mb.bin,1048576,3,0.19039900143980049,1,14521.278464999341,14522.440447002737,0.5776307384845438,200,184,1048576,1048760,0,0,0,True
2026-06-25 23:13:38,TCP,C,/arquivo_1mb.bin,1048576,4,0.25165400074911304,1,28977.27720599869,28978.524154001207,0.28947671577131523,200,184,1048576,1048760,0,0,0,True
2026-06-25 23:14:01,TCP,C,/arquivo_1mb.bin,1048576,5,0.19088100088993087,1,23347.703236999223,23348.881087000336,0.3592723766395136,200,184,1048576,1048760,0,0,0,True
2026-06-25 23:14:25,TCP,C,/arquivo_1mb.bin,1048576,6,0.2461199983372353,1,23202.830203001213,23203.348470000492,0.3615257518045551,200,184,1048576,1048760,0,0,0,True
2026-06-25 23:14:50,TCP,C,/arquivo_1mb.bin,1048576,7,0.256005998380715,1,24623.259145999327,24624.563932997262,0.34066016449368053,200,184,1048576,1048760,0,0,0,True
2026-06-25 23:15:13,TCP,C,/arquivo_1mb.bin,1048576,8,0.24438900072709657,1,22538.539471999684,22539.052497999364,0.37218104003016983,200,184,1048576,1048760,0,0,0,True
2026-06-25 23:15:36,TCP,C,/arquivo_1mb.bin,1048576,9,0.23433499882230535,1,21869.530911000766,21870.762226000807,0.38355352745901555,200,184,1048576,1048760,0,0,0,True
2026-06-25 23:15:54,TCP,C,/arquivo_1mb.bin,1048576,10,0.14757200187887065,1,17861.924463999458,17863.05082599938,0.46960668038801734,200,184,1048576,1048760,0,0,0,True
2026-06-25 23:19:34,TCP,C,/arquivo_10mb.bin,10485760,1,0.2548260017647408,1,218812.1793930004,218823.2569920001,0.38335084283599147,200,185,10485760,10485945,0,0,0,True
2026-06-25 23:23:38,TCP,C,/arquivo_10mb.bin,10485760,2,0.26117100060218945,1,243370.91602899818,243376.31527399935,0.3446764320741683,200,185,10485760,10485945,0,0,0,True
2026-06-25 23:27:25,TCP,C,/arquivo_10mb.bin,10485760,3,0.23656700068386272,1,226583.38043799813,226591.7978180005,0.370207928123584,200,185,10485760,10485945,0,0,0,True
2026-06-25 23:31:16,TCP,C,/arquivo_10mb.bin,10485760,4,0.26474100013729185,1,230892.47564800098,230903.22372099763,0.3632954042311695,200,185,10485760,10485945,0,0,0,True
2026-06-25 23:35:06,TCP,C,/arquivo_10mb.bin,10485760,5,0.18507200002204627,1,229726.29759399933,229731.90176500066,0.36514771938731205,200,185,10485760,10485945,0,0,0,True
2026-06-25 23:39:02,TCP,C,/arquivo_10mb.bin,10485760,6,0.16234099894063547,1,234810.5142730019,234814.87285899857,0.3572434700521369,200,185,10485760,10485945,0,0,0,True
2026-06-25 23:42:49,TCP,C,/arquivo_10mb.bin,10485760,7,0.24617600138299167,1,226351.5382600017,226354.96726099882,0.37059526908139406,200,185,10485760,10485945,0,0,0,True
2026-06-25 23:46:48,TCP,C,/arquivo_10mb.bin,10485760,8,0.19950599744333886,1,238805.05121199894,238806.80594899968,0.35127173058005295,200,185,10485760,10485945,0,0,0,True
2026-06-25 23:50:36,TCP,C,/arquivo_10mb.bin,10485760,9,0.2426270002615638,1,227328.96335799887,227339.6682959974,0.3689900694795591,200,185,10485760,10485945,0,0,0,True
2026-06-25 23:54:18,TCP,C,/arquivo_10mb.bin,10485760,10,0.16235899965977296,1,221849.62737000023,221851.33238900016,0.37811844128531924,200,185,10485760,10485945,0,0,0,True
2026-06-25 23:54:32,RUDP,C,/arquivo_100kb.bin,102400,1,0.25064099827432074,1,12955.519163002464,12956.034009999712,0.06322922580843227,200,183,102400,102583,0,101,168,True
2026-06-25 23:54:43,RUDP,C,/arquivo_100kb.bin,102400,2,0.2826849995472003,1,11045.781496999552,11046.3387230011,0.07416031868498031,200,183,102400,102583,0,101,158,True
2026-06-25 23:54:59,RUDP,C,/arquivo_100kb.bin,102400,3,0.18317300055059604,1,15158.715857000061,15159.169005000876,0.05403990150975645,200,183,102400,102583,0,101,180,True
2026-06-25 23:55:13,RUDP,C,/arquivo_100kb.bin,102400,4,0.15263599925674498,1,12950.417916999868,12950.877120001678,0.06325440295737235,200,183,102400,102583,0,101,172,True
2026-06-25 23:55:27,RUDP,C,/arquivo_100kb.bin,102400,5,0.15581099796690978,1,14256.45015900227,14256.871924000734,0.05746000976700349,200,183,102400,102583,0,101,171,True
2026-06-25 23:55:38,RUDP,C,/arquivo_100kb.bin,102400,6,0.24819799727993086,1,9941.510354001366,9942.045882999082,0.08239752759548552,200,183,102400,102583,0,101,154,True
2026-06-25 23:55:55,RUDP,C,/arquivo_100kb.bin,102400,7,0.18799800091073848,1,16160.856086000422,16161.316925998108,0.05068893851603043,200,183,102400,102583,0,101,192,True
2026-06-25 23:56:07,RUDP,C,/arquivo_100kb.bin,102400,8,0.1809879977372475,1,12147.977325999818,12148.422240999935,0.06743262489142555,200,183,102400,102583,0,101,157,True
2026-06-25 23:56:20,RUDP,C,/arquivo_100kb.bin,102400,9,0.24383100026170723,1,11948.210603997723,11948.745882000367,0.06855949637643945,200,183,102400,102583,0,101,157,True
2026-06-25 23:56:35,RUDP,C,/arquivo_100kb.bin,102400,10,0.26795200028573163,1,14254.22603199695,14254.7998609989,0.05746836209474461,200,183,102400,102583,0,101,175,True
2026-06-25 23:58:43,RUDP,C,/arquivo_1mb.bin,1048576,1,0.15957900177454576,1,127994.32522500138,127995.64788499993,0.06553822835864623,200,184,1048576,1048760,0,1025,1710,True
2026-06-26 00:00:56,RUDP,C,/arquivo_1mb.bin,1048576,2,0.2973549999296665,1,132415.42639399995,132416.8632189976,0.06334999784828388,200,184,1048576,1048760,0,1025,1735,True
2026-06-26 00:03:05,RUDP,C,/arquivo_1mb.bin,1048576,3,0.3417980005906429,1,128600.63118299877,128602.14426400125,0.06522914565700727,200,184,1048576,1048760,0,1025,1711,True
2026-06-26 00:05:06,RUDP,C,/arquivo_1mb.bin,1048576,4,0.24442100038868375,1,119972.5722660005,119973.95493099975,0.06992024231279625,200,184,1048576,1048760,0,1025,1672,True
2026-06-26 00:07:39,RUDP,C,/arquivo_1mb.bin,1048576,5,0.3198080012225546,1,152884.94412599903,152886.4411700015,0.0548682272659635,200,184,1048576,1048760,0,1025,1845,True
2026-06-26 00:09:51,RUDP,C,/arquivo_1mb.bin,1048576,6,0.2613750002637971,1,130811.20175700198,130812.5727939987,0.06412692465891814,200,184,1048576,1048760,0,1025,1738,True
2026-06-26 00:12:06,RUDP,C,/arquivo_1mb.bin,1048576,7,0.16457300080219284,1,134823.4261079997,134824.71003200044,0.0622186244495462,200,184,1048576,1048760,0,1025,1754,True
2026-06-26 00:14:05,RUDP,C,/arquivo_1mb.bin,1048576,8,0.24811400362523273,1,118673.756365999,118675.1246390013,0.07068547874305896,200,184,1048576,1048760,0,1025,1659,True
2026-06-26 00:16:00,RUDP,C,/arquivo_1mb.bin,1048576,9,0.15721299860160798,1,114153.33352200105,114154.64429500207,0.07348459672233651,200,184,1048576,1048760,0,1025,1632,True
2026-06-26 00:18:28,RUDP,C,/arquivo_1mb.bin,1048576,10,0.24426700110780075,1,147364.18988399964,147365.5711350002,0.05692379797663374,200,184,1048576,1048760,0,1025,1817,True
2026-06-26 00:40:30,RUDP,C,/arquivo_10mb.bin,10485760,1,0.18793100025504827,1,1322016.9342369991,1322020.7009680015,0.06345292470728899,200,185,10485760,10485945,2,10241,17372,True
2026-06-26 01:02:57,RUDP,C,/arquivo_10mb.bin,10485760,2,0.16021099872887135,1,1346366.462957998,1346370.1123449972,0.062305364053197886,200,185,10485760,10485945,0,10241,17578,True
2026-06-26 01:24:31,RUDP,C,/arquivo_10mb.bin,10485760,3,0.2507720055291429,1,1293011.8787500032,1293015.7885320005,0.0648762998441329,200,185,10485760,10485945,0,10241,17251,True
2026-06-26 01:46:22,RUDP,C,/arquivo_10mb.bin,10485760,4,0.1743909961078316,1,1310364.2291130018,1310368.1627769982,0.06401718416465828,200,185,10485760,10485945,0,10241,17361,True
2026-06-26 02:09:19,RUDP,C,/arquivo_10mb.bin,10485760,5,0.2624620028655045,1,1376733.8055079964,1376737.6353200015,0.060931057485402416,200,185,10485760,10485945,0,10241,17782,True
2026-06-26 02:32:22,RUDP,C,/arquivo_10mb.bin,10485760,6,0.2973459995700978,1,1382894.8517270037,1382898.7069420037,0.06065959826189789,200,185,10485760,10485945,1,10241,17753,True
2026-06-26 02:54:40,RUDP,C,/arquivo_10mb.bin,10485760,7,0.19125499966321513,1,1336853.085222996,1336862.0084759968,0.0627484957072188,200,185,10485760,10485945,0,10241,17439,True
2026-06-26 03:16:11,RUDP,C,/arquivo_10mb.bin,10485760,8,0.30429499747697264,1,1290801.8827299965,1290805.7046769974,0.06498737935233334,200,185,10485760,10485945,0,10241,17207,True
2026-06-26 03:37:58,RUDP,C,/arquivo_10mb.bin,10485760,9,0.253991995123215,1,1306475.5283550038,1306484.3646579976,0.06420748863838038,200,185,10485760,10485945,0,10241,17306,True
2026-06-26 04:00:44,RUDP,C,/arquivo_10mb.bin,10485760,10,0.24708599812583998,1,1365293.041181001,1365296.856661007,0.061441641494109356,200,185,10485760,10485945,0,10241,17704,True
2026-06-26 13:38:27,TCP,A,/index.html,328,1,0.3257650023442693,1,23.524176998762414,24.02496200375026,0.10921973568950484,200,165,328,493,0,0,0,True
2026-06-26 13:40:01,RUDP,A,/index.html,328,1,0.22296999668469653,1,34.464229000150226,34.88707499491284,0.07521410150844192,200,165,328,493,0,1,1,True
2026-06-26 13:41:25,RUDP,B,/arquivo_100kb.bin,102400,1,0.20527200103970245,1,6077.853239999968,6078.367681999225,0.13477302507152025,200,183,102400,102583,0,101,135,True
2026-06-26 14:27:44,RUDP,B,/arquivo_100kb.bin,102400,1,0.22127899865154177,1,8286.389671993675,8286.9508090007,0.09885421295251841,200,183,102400,102583,0,101,145,True
